genes,log2FC,AveExpr,EffSize,t,P.Value,adj.P.Val
GNL3,3.489669068967185,9.6932434960729,7.231194620973454,7.632254475410905,0.00023860165048311102,0.005521923911180569
RBM39,-3.791432837021028,8.446697484562758,7.572127265167704,-8.003826173478524,0.00018252679117468725,0.005521923911180569
RPL35,4.458970515086232,13.482809176083975,6.200466871719337,9.076312671506495,8.905364816341656e-05,0.005521923911180569
RPL27A,2.5119794981997323,10.383806996388136,6.258777947065676,8.254291489514939,0.00015326900654371957,0.005521923911180569
HNRNPM,2.594470495045023,15.165240246907304,5.951706548117077,9.57987205154249,6.520638094250653e-05,0.005521923911180569
HIST1H1C,2.2752036627738317,12.969665898444735,4.914891303946615,7.8269092252411685,0.00020708234992472413,0.005521923911180569
SNRPD2,-2.707454991156567,11.53097873474625,6.929550670413886,-8.279727247915947,0.00015061200448672956,0.005521923911180569
TRA2B,4.722037244335928,11.217764948738566,5.006065750642469,7.322285613702514,0.0003008894324420452,0.006093011006951416
TRA2A,3.2147411617870816,7.7409621274863625,6.0578327914596635,6.978927892944854,0.00039279211685837995,0.006363232293105755
RPS6,2.5224422025154105,13.54822994477312,4.276459557327395,7.020277830127736,0.0003801726108723959,0.006363232293105755
HIST1H4A,2.2801435357040365,15.316240970558578,4.356849336373314,6.6228069942049235,0.0005238074367514663,0.007714254977612503
RPS24,1.6378194495244536,14.116008248981556,4.01569683766629,5.873008273895357,0.0010012035992400486,0.013516248589740657
ERH,-2.087550786367828,11.54532973238011,3.7502001379889838,-5.722767688061962,0.0011484513522432925,0.014311470697185644
YBX1,1.6023667177047685,12.19520082867441,4.019280806978219,5.4617750251395,0.00146683351690798,0.015405536017434971
PUF60,-3.2442974292034314,8.774903252092304,5.88294694722774,-5.462191384240317,0.0014662514096947343,0.015405536017434971
RPL17,3.462907664601408,14.93015869571882,3.349051398446818,5.423465097975004,0.0015215344214750588,0.015405536017434971
RPS9,4.343490957255275,12.314781997056402,3.407818197698115,5.194498485932251,0.0019010102158409287,0.017772282512544493
SF3B2,-1.7275489413045726,10.71055256943141,3.7198182636486683,-5.0022519112915695,0.002303814399774286,0.017772282512544493
EIF4A3,-1.4333149958295763,11.896656608163594,3.1724330093958524,-5.029788986020578,0.0022405896232073883,0.017772282512544493
FUS,1.7324184572401204,10.811539147863629,3.5699496428961726,5.042049866984619,0.0022130718603637187,0.017772282512544493
EFTUD2,-1.701734886706456,11.196626163415063,4.31272516405829,-5.114755627399806,0.0020575409144582505,0.017772282512544493
HIST1H1E,1.7347141702124453,11.50375072142931,3.0924889372501525,4.340426760628942,0.004641008230911698,0.03417469697307705
SNRPD3,-1.2280181546131548,12.738229313379822,2.635076534120803,-4.28112646192056,0.00495677379189917,0.034912928447289805
RPL26,3.446737997256438,12.455076103430914,2.559592367292569,4.01639917666727,0.006692681915170631,0.0439910335947246
PCBP1,-1.5023579692611122,7.640202535242169,3.8744372905871933,-3.9880695808393463,0.006915560898979917,0.0439910335947246
SF3B3,-3.3319967796106003,7.74915149900924,3.919501998536717,-3.9702126693616853,0.007060289342363208,0.0439910335947246
SRSF3,2.3924698232487973,10.781517562710528,2.8881996923155264,3.9131790801770197,0.007545598904496295,0.04527359342697777
RPS4X,1.1414554587467638,12.558510687294106,2.3318522449895993,3.7940588771173105,0.008683443009386147,0.05023992026859128
FUBP3,-1.765507132872644,11.704966452129161,2.3097346451320826,-3.6810381851721297,0.00994127798272193,0.055534035627619056
RPL13A,2.0564901278445378,7.829595417496851,3.111864290395609,3.6192125648281634,0.010713747926597244,0.05598797303576624
H1FX,1.1406281996694734,12.841464089011993,2.272670335096395,3.643233350918911,0.010406012718231576,0.05598797303576624
EEF1A1P5,1.3122482136313494,13.060765661895969,2.288326193015449,3.5891107870104335,0.01111365906657075,0.05626289902451442
SF1,-1.8070546301248376,7.676058231579371,3.135688922261212,-3.529593649491331,0.011953723465151868,0.058681915192563716
SFPQ,1.6633400111784589,8.482039774244482,3.792991112102299,3.469332189350769,0.012876122420291547,0.06135093623785972
KHSRP,-2.5557301714946004,10.21915708235797,2.2585655588869034,-3.2702283679146817,0.016525198194526875,0.07648806021466725
VIM,-1.2659715289146867,13.525780558839092,2.164070792511087,-3.243300699603183,0.01710016690087193,0.07695075105392368
ELAVL1,-1.4056638573370979,10.733317824490069,2.0433912019201483,-3.13028266131488,0.019762800658461838,0.08645158425865308
RPS26,1.2192305076975085,12.401535295748923,2.0351473951695778,3.110305549346385,0.02027876667795566,0.08645158425865308
HIST1H1D,0.8778806443807792,11.227995902412157,2.2538840988540643,3.081667071189063,0.021044127222191684,0.08741406692295008
XRN2,-2.7202745133184036,7.967039178188626,2.7286501142909434,-3.0533219072668967,0.021832603381355772,0.08842204369449087
RPS11,1.9536669389676131,14.481603928163352,1.8197396383007902,2.9857069204945867,0.0238456919737949,0.09421956340865302
SMU1,-1.1536122837944873,7.687094679306483,3.031803408965857,-2.960771244538777,0.02463801759645888,0.09503235358634139
DKC1,1.4092098612746433,6.520667052533326,2.7185668530199947,2.914255026030829,0.026193034750652627,0.0965671030878904
SON,-2.4999950700443607,7.52078049785598,2.5705725159663584,-2.913240646000728,0.026228102073254184,0.0965671030878904
HSPA1B,-1.5933343964180038,7.399340722221972,2.8248023882765505,-2.876055336498387,0.027549143233060368,0.09890287519596382
CCT2,-2.40508120002002,8.052616422371552,2.5600243985052953,-2.86155477021748,0.028083532463051453,0.09890287519596382
RPS23,2.308747859781871,14.663898550641159,1.657539771996911,2.7098983853548684,0.03438853294354532,0.11853068801817747
RPL23,0.8859179380753375,13.869449513328965,1.661878946103058,2.661478000202297,0.036707513348431205,0.12388785755095531
PTBP1,0.9718114911346394,12.348809489750407,1.6951527796873622,2.5989431011375848,0.039951264943824984,0.13208377389591117
PABPN1,-1.0424524956140369,7.836849604079727,2.1999217176339236,-2.5218617662654963,0.04437251758383663,0.138332683609112
CCT6A,1.2205019035270723,9.703430400108251,1.827492346907579,2.512513351526204,0.04494284249138429,0.138332683609112
PRPF3,-0.8064950222387708,10.060471968879428,1.873439071167011,-2.5074172815290825,0.04525698908199343,0.138332683609112
SF3A1,-1.10667737921462,10.311107875065641,1.730718999857444,-2.5433817879606453,0.04308843346108041,0.138332683609112
GPATCH4,2.4670643588042473,6.525890121589991,2.3212975974508407,2.4903963799534607,0.046323101206415,0.138969303619245
LRPPRC,-1.2051814907016904,9.79232486331859,1.7073466991193738,-2.35879445571751,0.055510124783501716,0.16350254936231415
RPL23A,1.0227370287564668,17.239300889076816,1.512899945443058,2.330604957831208,0.05771456807520717,0.16696000050327786
PRPF4,-2.699547074585319,7.881155528986064,1.9606255758325732,-2.299202466040926,0.060277736812748534,0.171315673046759
MRPS16,-1.7446923613597471,6.440032343327667,2.156011791578499,-2.281397853212455,0.06178317661931965,0.17256680366085833
SF3B6,-2.774077866336782,10.741856866130922,1.5217566800858342,-2.2563784702056635,0.06396470258673863,0.17563189523816367
MAGOHB,-0.7018243313802,9.815092708773847,1.884227511567886,-2.237875051693602,0.06562916397811835,0.17719874274091957
MAGOH,-0.778520114978626,9.051733830406398,1.7440414853888977,-2.2035914846521676,0.06883213173890634,0.18280008756889882
U2AF1L5,-1.112220314366219,12.295106188123338,1.3493518173747314,-2.080904705377427,0.08166805530747757,0.21339072515824783
U2AF2,-1.046588229229684,11.415186459524847,1.4373237551039877,-2.0677045419401376,0.0831872876941029,0.2139101683562646
RPS13,1.53091026835685,12.617213193720186,1.2377360954434173,2.044057081063893,0.08598095563743005,0.21763929395724482
SNRNP200,-1.1788373726346713,9.903147337590113,1.4095208428682686,-2.0186479349340085,0.08908867035312848,0.2186721908667699
RPS27A,-1.4772473853976837,10.163236747099944,1.3845963414793976,-2.022332595401474,0.08863107192647113,0.2186721908667699
HNRNPH1,0.5274669159472403,12.599295119297564,1.291976352680011,1.957143909210122,0.09708788607511133,0.23474981409206022
H2AFX,0.7632968539359641,10.222302531737652,1.3350474256384055,1.9443895858471072,0.09883491985554474,0.23545966200879775
NPM3,0.7360880867688735,9.008592534827383,1.5308493914463703,1.8795911920657915,0.10820734374431691,0.2492102360492704
CDKN2AIP,-0.7120014725717532,5.154917234291503,1.7673851452206484,-1.8799497438762298,0.10815312433473578,0.2492102360492704
SRRM1,0.9200985960346868,7.364896053205232,1.749744598730586,1.8729154652109676,0.10922177012035925,0.2492102360492704
ILF2,1.3368140276621183,12.173717950917432,1.1310855014095822,1.8363326428313955,0.11495023683010895,0.2550950461161322
SF3A3,-1.1096457698705553,10.518744572261935,1.2185724930322097,-1.843317104942089,0.11383408166014798,0.2550950461161322
ADAR,0.7165131550361927,9.922279194197582,1.2943782495568876,1.8031664308214743,0.12039925895863622,0.263576756098636
PRPF8,-0.7692964087143501,9.351916698113417,1.304540339085559,-1.7568255388576133,0.12843934231083926,0.2774289793914128
RBM17,-2.114733999792703,6.975441895540407,1.59917454255028,-1.7354257085103366,0.13232683553746352,0.2820650968035407
VDAC2,-1.1220744431374623,9.468230430478815,1.1927035380854245,-1.6522881677762136,0.14853966842680524,0.3125120296771747
YBX3,0.5078467468759307,10.393751430676263,1.0903249946746678,1.6108093652347948,0.1573259354913212,0.32517973058603755
SNW1,-1.0137449608331863,8.544877250849531,1.2707539043423375,-1.5959939209135465,0.16058258300545064,0.32517973058603755
H2AFV,1.0641399933037086,12.624612221627336,0.9611310008762286,1.5971262160179933,0.16033144615125147,0.32517973058603755
RBM8A,-1.5322827878236467,11.32879318786017,0.9948415439471123,-1.5661924832239364,0.16732788936418647,0.3305746106951001
TCP1,-0.989247278600482,8.548158533708047,1.2486939139103723,-1.5704095080970406,0.16635739397884544,0.3305746106951001
SF3B1,-1.4554916173981542,9.381422994507435,1.1194969905767675,-1.5341581347275373,0.17487617815797507,0.34132458869387905
ILF3,0.6964957861483398,10.601080782234625,1.051036539691716,1.521673259720755,0.17790362986741087,0.34309985760143524
RPS25,1.1139977164575026,10.617652819252427,1.0051137189642956,1.4776843860381936,0.18896454164518015,0.3559564621688277
SF3B4,-1.1626500139805351,9.166503382496217,1.1009370332898247,-1.4833868579189444,0.18749546048116672,0.3559564621688277
RUVBL2,-2.492592768131802,7.0966881654652525,1.3017180524138026,-1.4410230879380086,0.19866621028782527,0.36993018467388156
TOMM22,-0.7524205036266771,9.87264209607019,0.9905142467569975,-1.4234447667920198,0.20347862045910506,0.3703768147682586
TRIM28,-1.2328027036078444,8.298739539325117,1.1799175502935104,-1.4265354308065574,0.20262482762971287,0.3703768147682586
SERPINB12,-0.5985886892862622,6.757383775076673,1.6161637910297557,-1.4050607331582505,0.20862548108966447,0.37552586596139603
EWSR1,0.7823834780817673,9.627467699349001,0.9611842984452313,1.3648184178872549,0.22030736128158823,0.3921955222815087
RBM22,-0.4959895220866173,8.570343288350644,1.0391842901987849,-1.314243230872663,0.2358228224197175,0.4126264265511924
POLDIP3,-0.9046345637256916,7.854348933205667,1.1423283600576921,-1.3109122765950423,0.23687813376086972,0.4126264265511924
CTNNBL1,0.863866223976224,5.731013057830987,1.26200274738365,1.2689059962046845,0.25055002083119593,0.42899480278349006
RALY,-0.6593384121012473,9.552966313342095,0.9023952737749052,-1.2658506985485631,0.2515710263236516,0.42899480278349006
PCBP2,-1.0406731723890665,8.288330646120135,1.0287108550812165,-1.2400517127819302,0.26033862227669646,0.4347923382353075
EEF1E1,0.3984572377304758,9.120132496286875,0.9226887881027501,1.2452395849270723,0.2585544459290634,0.4347923382353075
CPNE3,0.6026089150757343,13.116109991665791,0.7242116459212864,1.2117288265086579,0.270268945257808,0.43783569131764893
RPS12,-0.46373514584397846,9.503617015100273,0.9020600290073157,-1.2198285519030285,0.2673961664737273,0.43783569131764893
ACTB,0.5874962846595793,9.041118428979333,0.9143499002557096,1.2152763133727007,0.2690074733307505,0.43783569131764893
PRPF40A,-0.7785651905828628,6.821986542901516,1.172722988644034,-1.1534280451148562,0.291739085206514,0.467937938648072
SLC25A5,0.3419344098414445,8.711903525101963,0.9049340295942145,1.1025540080934377,0.3116366390632485,0.4949523091004535
RPS2,1.5160792156636234,7.689119749330558,0.9961055892457544,1.0743851887725957,0.3231309745660275,0.49854493218758533
THOC2,-0.5128718070171878,5.825306811944163,1.0361295117795373,-1.0881216350880492,0.3174828795271658,0.49854493218758533
HIST1H2AC,0.9442899378416598,12.542867114917012,0.6490329434613678,1.0773825608694665,0.32189153423424766,0.49854493218758533
ALDH18A1,0.4889588406279941,11.866462015513669,0.688367285593575,1.0588927102054295,0.32959974112177215,0.5003618040520472
RPS27,0.7102915054455732,12.692192071360463,0.65986467025721,1.056789814833113,0.33048588292326575,0.5003618040520472
RPLP0,0.44194072945085594,10.202170790617803,0.7033811469938244,0.9797446527872031,0.3643011752735831,0.5414384439845914
DDX41,-0.6305344875885801,9.854400824755665,0.6836280332222393,-0.9851070091771761,0.3618619138880879,0.5414384439845914
RPL31,0.3075321123276904,11.670013861110586,0.6307648629393741,0.9691927909464786,0.36913881683451866,0.5436408029744729
RPS7,-0.7270885332132551,10.062380965706035,0.6459265988128187,-0.9477557923554052,0.3791214645503197,0.5533124077220882
HNRNPR,-0.27417361817206753,9.539984211185715,0.6897250456705739,-0.9382259342989293,0.3836259717307325,0.5548875662533809
HNRNPC,-0.30237499197974316,14.38664803037213,0.5711092565195559,-0.904024800146501,0.4001311538321001,0.565507152619831
TAF15,0.45450994708364423,7.652427555118039,0.8382315722556944,0.901358425090453,0.40144026266222566,0.565507152619831
SNU13,-0.6124270487477297,7.360545458614624,0.8747972397107161,-0.9118701636881309,0.3962980769615934,0.565507152619831
FASN,-1.404247869231396,5.848908135749923,0.8361060087879935,-0.8785454201276082,0.41277306330971053,0.5764589332428716
EEF1G,-0.362954218732753,9.204746741207511,0.6328614482654755,-0.8448127671797391,0.42996487110583265,0.5953359753773068
EPB41L2,-1.8323283893125284,6.00775814337731,0.7921291896984616,-0.8335556732068133,0.43581736871955673,0.597062827028389
HNRNPU,-0.3889021461193334,13.196227519150927,0.4949349552043218,-0.8282739368046523,0.43858318775542154,0.597062827028389
HNRNPH2,0.9898854987176904,7.900198718396376,0.725856213819856,0.8041734938703218,0.45136445533955794,0.6093420147084032
KPNA2,-0.9969644796670885,6.7649005183684805,0.7532245623245026,-0.7932997089811599,0.4572174439018968,0.6121423629099775
HIST2H3A;,-1.287529260924357,11.527207406350161,0.4645733192748313,-0.707616124134391,0.5051982600672102,0.6708370338597381
HNRNPK,0.31109713385466264,13.494417140035228,0.42907957750479364,0.6965233560809038,0.511648661878841,0.6738787254014003
BCAS2,-0.4029538375953514,10.487653714005578,0.4591651986183208,-0.6869773874620383,0.5172428005694975,0.6757526910666015
CDC5L,-0.45450880544132133,10.10005149500751,0.43759163481374197,-0.6311100858075752,0.5507727558706574,0.713801491608372
SND1,0.8588122834895238,7.953960316769383,0.5563944871003939,0.6170500646808176,0.5594204797016333,0.7161929123201926
ARGLU1,0.4345601336280467,10.030365290895805,0.4432502983723427,0.6096192315818351,0.5640242713999385,0.7161929123201926
P00761,-0.515017386168191,15.549783615363605,0.3726927621945903,-0.6066330728535959,0.5658808196110163,0.7161929123201926
DCD,-0.8221370882645278,11.996551580542537,0.34440873221701385,-0.5579311233497377,0.5966744631347394,0.7435481771371367
EIF3E,-0.6950109049750806,6.903907394815133,0.5387942968755843,-0.5599598492063315,0.5953726453405277,0.7435481771371367
DHX9,0.1925763535509386,12.052954607900249,0.3248429934802946,0.5292398780377641,0.6152585869588558,0.760854130437669
SUGT1,-0.24743409824065843,7.087761796317736,0.47320944369640466,-0.504338065901506,0.6316451415002023,0.775200855477521
PSMD11,0.43208589300251354,8.338860014805574,0.40921412472414453,0.4794711727886065,0.6482396766862843,0.7895851700990832
HNRNPA1,-0.2491450961570152,14.264251070645557,0.24805911514309145,-0.4134542609467976,0.6933566567330107,0.8325782096798908
ACTG1,0.20968932036378085,8.776455066154222,0.31926600839549085,0.41279420327561056,0.6938151747332424,0.8325782096798908
HNRNPA2B1,0.16048430750553422,12.651445594136042,0.2419378926697064,0.4036428888243713,0.7001867552159329,0.8340459878307436
RPS15A,0.24921137079303612,10.867815809646803,0.2475635698738265,0.37618997306567564,0.719459235688616,0.8470994807941788
HNRNPA0,0.2944338268403115,16.23615402815171,0.23324906318406385,0.37315612629004374,0.7216032614172634,0.8470994807941788
NEFM,-0.1904463712512685,4.6724607658251305,0.30846288703670116,-0.3300027313655354,0.7523902372528303,0.8706229888211322
IGF2BP1,0.204224267916425,9.764744042912593,0.23691638837424844,0.3315690481121879,0.7512636102318966,0.8706229888211322
HNRNPF,-0.1766852227376372,11.81010442782498,0.18842636933183582,-0.30293451580998304,0.7719628437650528,0.8806900048587222
SLTM,0.15016793689163332,5.554300631195254,0.3103715515001491,0.3095912990287846,0.7671317450567943,0.8806900048587222
MATR3,-0.11446602821508378,12.934303390488243,0.17412457496582737,-0.2910446970818356,0.7806194430372599,0.8843381102939588
PRKDC,-0.2821767131491759,5.474861408690803,0.28571266298925574,-0.27883553256633314,0.7895443737499447,0.8882374204686878
FIP1L1,-0.3804421843389729,5.970250159120681,0.25811959313219845,-0.2703841952123766,0.795742884696825,0.8890368780750735
PABPC1,-0.10052462681064434,9.806991620203938,0.1827397364271236,-0.2508410778963871,0.8101381731687155,0.8921777354991944
RBMX,0.29075510695617446,8.97025094472351,0.18830693865771556,0.24699719589541427,0.8129793133133247,0.8921777354991944
PRPF4B,0.1768772462413235,5.394873788374124,0.22694132022612554,0.23673004141671633,0.8205832258603702,0.8921777354991944
DDX17,-0.13473698766759235,11.388290616145314,0.15143893989146195,-0.23786855966909834,0.8197389656966043,0.8921777354991944
PRPF19,0.08827156113533441,12.297838569957328,0.10155189538463169,0.16749314191053347,0.8723742577625385,0.9421641983835417
DDX39B,0.13154117713867208,10.861458040926191,0.1026137420727711,0.15595265514797924,0.8810823724160117,0.9452671810026085
DDX5,0.06848878868266262,12.079031452096991,0.08641970947917715,0.13879090540513445,0.8940653519781574,0.9528854409240889
PCID2,-0.13771952830306233,4.8795665580383005,0.12227239729299724,-0.13051558811534156,0.9003387830840504,0.9532998879713475
RPS5,0.09267531577669885,9.737080859038834,0.06347979528363258,0.09148861027074272,0.9300225702670842,0.9657926691235106
RPS3,-0.038866780701367176,9.353520819720636,0.07943808839185738,-0.10407665040874634,0.9204321741883359,0.9657926691235106
CHTOP,0.15975365660321827,6.810966186820632,0.09331732758744794,0.09721846570692147,0.9256554931529717,0.9657926691235106
EXOSC3,-0.013178231919681593,7.24822073888917,0.02069627982575541,-0.02228478312770107,0.9829288981754953,0.9853945737175445
CLTC,-0.039355169426443126,7.00582503041719,0.03730267142502129,-0.037356995744719096,0.9713879210562353,0.9853945737175445
HNRNPA3,0.009967033438591955,11.279464746822597,0.01628328280772217,0.02524643054053195,0.9806606766713185,0.9853945737175445
VDAC1,-0.006318924049608654,10.004289913584527,0.013505466608872311,-0.019065574202290107,0.9853945737175445,0.9853945737175445
HSP90AB1,-0.011416932020349435,10.149032108994216,0.015618794740569469,-0.02288877128425846,0.9824663100187625,0.9853945737175445
RPL8,0.1149107473108204,7.623942119485809,0.04644092755359132,0.05190840713848948,0.9602528618495805,0.9853945737175445
